Continent,RS,FR,IM,MMR,LE,LEM,LEF
Africa,1.1769565217391305,2.528260869565217,248.47826086956522,43.32826086956521,56.08695652173913,60.47826086956522,60.78260869565217
Americas,1.323404255319149,2.6972340425531915,229.10638297872342,44.31489361702128,56.8936170212766,55.829787234042556,55.680851063829785
Asia,1.3561538461538463,2.3812820512820516,219.46153846153845,41.88717948717949,58.8974358974359,59.717948717948715,54.17948717948718
Australia,0.91,1.9,76.0,55.6,73.0,78.0,84.0
Europe,1.3590243902439023,2.5626829268292686,200.3170731707317,44.424390243902444,59.80487804878049,58.58536585365854,61.21951219512195
Oceania,1.17,2.9157894736842103,272.05263157894734,36.93157894736842,52.10526315789474,57.31578947368421,62.578947368421055
